light_no,place,lat,lon,lamp,watts,working,_sample
W-0001,Sample Road 1 light 1 pole,23.19009,72.61,LED,40,yes,true
W-0002,Sample Road 2 light 2 pole,23.19009,72.618,LED,40,yes,true
W-0003,Sample Road 3 light 3 pole,23.19009,72.626,LED,40,yes,true
W-0004,Sample Road 4 light 4 pole,23.19009,72.634,LED,40,yes,true
W-0005,Sample Road 5 light 5 pole,23.19009,72.642,LED,40,yes,true
W-0006,Sample Road 6 light 6 pole,23.19009,72.65,LED,40,yes,true
W-0007,Sample Road 7 light 7 pole,23.19009,72.658,LED,40,yes,true
W-0008,Sample Road 8 light 8 pole,23.19009,72.666,LED,40,yes,true
W-0009,Sample Road 9 light 9 pole,23.19609,72.61,LED,40,yes,true
W-0010,Sample Road 10 light 10 pole,23.19609,72.618,LED,40,yes,true
W-0011,Sample Road 11 light 11 pole,23.19609,72.626,LED,40,yes,true
W-0012,Sample Road 12 light 12 pole,23.19609,72.634,LED,40,yes,true
W-0013,Sample Road 13 light 13 pole,23.19609,72.642,LED,40,yes,true
W-0014,Sample Road 14 light 14 pole,23.19609,72.65,LED,40,yes,true
W-0015,Sample Road 15 light 15 pole,23.19609,72.658,LED,40,yes,true
W-0016,Sample Road 16 light 16 pole,23.19609,72.666,LED,40,yes,true
W-0017,Sample Road 17 light 17 pole,23.202090000000002,72.61,LED,40,yes,true
W-0018,Sample Road 18 light 18 pole,23.202090000000002,72.618,LED,40,yes,true
W-0019,Sample Road 19 light 19 pole,23.202090000000002,72.626,LED,40,yes,true
W-0020,Sample Road 20 light 20 pole,23.202090000000002,72.634,LED,40,yes,true
W-0021,Sample Road 21 light 21 pole,23.202090000000002,72.642,LED,40,yes,true
W-0022,Sample Road 22 light 22 pole,23.202090000000002,72.65,LED,40,yes,true
W-0023,Sample Road 23 light 23 pole,23.202090000000002,72.658,LED,40,yes,true
W-0024,Sample Road 24 light 24 pole,23.202090000000002,72.666,LED,40,yes,true
W-0025,Sample Road 25 light 25 pole,23.208090000000002,72.61,LED,40,yes,true
W-0026,Sample Road 26 light 26 pole,23.208090000000002,72.618,LED,40,yes,true
W-0027,Sample Road 27 light 27 pole,23.208090000000002,72.626,LED,40,yes,true
W-0028,Sample Road 28 light 28 pole,23.208090000000002,72.634,LED,40,yes,true
W-0029,Sample Road 29 light 29 pole,23.208090000000002,72.642,LED,40,yes,true
W-0030,Sample Road 30 light 30 pole,23.208090000000002,72.65,LED,40,yes,true
W-0031,Sample Road 31 light 31 pole,23.208090000000002,72.658,LED,40,yes,true
W-0032,Sample Road 32 light 32 pole,23.208090000000002,72.666,LED,40,yes,true
W-0033,Sample Road 33 light 33 pole,23.214090000000002,72.61,LED,40,yes,true
W-0034,Sample Road 34 light 34 pole,23.214090000000002,72.618,LED,40,yes,true
W-0035,Sample Road 35 light 35 pole,23.214090000000002,72.626,LED,40,yes,true
W-0036,Sample Road 36 light 36 pole,23.214090000000002,72.634,LED,40,yes,true
W-0037,Sample Road 37 light 37 pole,23.214090000000002,72.642,LED,40,yes,true
W-0038,Sample Road 38 light 38 pole,23.214090000000002,72.65,LED,40,yes,true
W-0039,Sample Road 39 light 39 pole,23.214090000000002,72.658,LED,40,yes,true
W-0040,Sample Road 40 light 40 pole,23.214090000000002,72.666,LED,40,yes,true
W-0041,Sample Road 41 light 41 pole,23.220090000000003,72.61,LED,40,yes,true
W-0042,Sample Road 42 light 42 pole,23.220090000000003,72.618,LED,40,yes,true
W-0043,Sample Road 43 light 43 pole,23.220090000000003,72.626,LED,40,yes,true
W-0044,Sample Road 44 light 44 pole,23.220090000000003,72.634,LED,40,yes,true
W-0045,Sample Road 45 light 45 pole,23.220090000000003,72.642,LED,40,yes,true
W-0046,Sample Road 46 light 46 pole,23.220090000000003,72.65,LED,40,yes,true
W-0047,Sample Road 47 light 47 pole,23.220090000000003,72.658,LED,40,yes,true
W-0048,Sample Road 48 light 48 pole,23.220090000000003,72.666,LED,40,yes,true
W-0049,Sample Road 49 light 49 pole,23.226090000000003,72.61,LED,40,yes,true
W-0050,Sample Road 50 light 50 pole,23.226090000000003,72.618,LED,40,yes,true
W-0051,Sample Road 51 light 51 pole,23.226090000000003,72.626,LED,40,yes,true
W-0052,Sample Road 52 light 52 pole,23.226090000000003,72.634,LED,40,yes,true
W-0053,Sample Road 53 light 53 pole,23.226090000000003,72.642,LED,40,yes,true
W-0054,Sample Road 54 light 54 pole,23.226090000000003,72.65,LED,40,yes,true
W-0055,Sample Road 55 light 55 pole,23.226090000000003,72.658,LED,40,yes,true
W-0056,Sample Road 56 light 56 pole,23.226090000000003,72.666,LED,40,yes,true
W-0057,Sample Road 57 light 57 pole,23.232090000000003,72.61,LED,40,yes,true
W-0058,Sample Road 58 light 58 pole,23.232090000000003,72.618,LED,40,yes,true
W-0059,Sample Road 59 light 59 pole,23.232090000000003,72.626,LED,40,yes,true
W-0060,Sample Road 60 light 60 pole,23.232090000000003,72.634,LED,40,yes,true
W-0061,Sample Road 1 light 61 pole,23.19022,72.61064999999999,LED,40,yes,true
W-0062,Sample Road 2 light 62 pole,23.19022,72.61864999999999,LED,40,yes,true
W-0063,Sample Road 3 light 63 pole,23.19022,72.62665,LED,40,yes,true
W-0064,Sample Road 4 light 64 pole,23.19022,72.63465,LED,40,yes,true
W-0065,Sample Road 5 light 65 pole,23.19022,72.64264999999999,LED,40,yes,true
W-0066,Sample Road 6 light 66 pole,23.19022,72.65065,LED,40,yes,true
W-0067,Sample Road 7 light 67 pole,23.19022,72.65865,LED,40,yes,true
W-0068,Sample Road 8 light 68 pole,23.19022,72.66664999999999,LED,40,yes,true
W-0069,Sample Road 9 light 69 pole,23.19622,72.61064999999999,LED,40,yes,true
W-0070,Sample Road 10 light 70 pole,23.19622,72.61864999999999,LED,40,yes,true
W-0071,Sample Road 11 light 71 pole,23.19622,72.62665,LED,40,yes,true
W-0072,Sample Road 12 light 72 pole,23.19622,72.63465,LED,40,yes,true
W-0073,Sample Road 13 light 73 pole,23.19622,72.64264999999999,LED,40,yes,true
W-0074,Sample Road 14 light 74 pole,23.19622,72.65065,LED,40,yes,true
W-0075,Sample Road 15 light 75 pole,23.19622,72.65865,LED,40,yes,true
W-0076,Sample Road 16 light 76 pole,23.19622,72.66664999999999,LED,40,yes,true
W-0077,Sample Road 17 light 77 pole,23.20222,72.61064999999999,LED,40,yes,true
W-0078,Sample Road 18 light 78 pole,23.20222,72.61864999999999,LED,40,yes,true
W-0079,Sample Road 19 light 79 pole,23.20222,72.62665,LED,40,yes,true
W-0080,Sample Road 20 light 80 pole,23.20222,72.63465,LED,40,yes,true
W-0081,Sample Road 21 light 81 pole,23.20222,72.64264999999999,LED,40,yes,true
W-0082,Sample Road 22 light 82 pole,23.20222,72.65065,LED,40,yes,true
W-0083,Sample Road 23 light 83 pole,23.20222,72.65865,LED,40,yes,true
W-0084,Sample Road 24 light 84 pole,23.20222,72.66664999999999,LED,40,yes,true
W-0085,Sample Road 25 light 85 pole,23.20822,72.61064999999999,LED,40,yes,true
W-0086,Sample Road 26 light 86 pole,23.20822,72.61864999999999,LED,40,yes,true
W-0087,Sample Road 27 light 87 pole,23.20822,72.62665,LED,40,yes,true
W-0088,Sample Road 28 light 88 pole,23.20822,72.63465,LED,40,yes,true
W-0089,Sample Road 29 light 89 pole,23.20822,72.64264999999999,LED,40,yes,true
W-0090,Sample Road 30 light 90 pole,23.20822,72.65065,LED,40,yes,true
W-0091,Sample Road 31 light 91 pole,23.20822,72.65865,LED,40,yes,true
W-0092,Sample Road 32 light 92 pole,23.20822,72.66664999999999,LED,40,yes,true
W-0093,Sample Road 33 light 93 pole,23.21422,72.61064999999999,LED,40,yes,true
W-0094,Sample Road 34 light 94 pole,23.21422,72.61864999999999,LED,40,yes,true
W-0095,Sample Road 35 light 95 pole,23.21422,72.62665,LED,40,yes,true
W-0096,Sample Road 36 light 96 pole,23.21422,72.63465,LED,40,yes,true
W-0097,Sample Road 37 light 97 pole,23.21422,72.64264999999999,LED,40,yes,true
W-0098,Sample Road 38 light 98 pole,23.21422,72.65065,LED,40,yes,true
W-0099,Sample Road 39 light 99 pole,23.21422,72.65865,LED,40,yes,true
W-0100,Sample Road 40 light 100 pole,23.21422,72.66664999999999,LED,40,yes,true
