road_id,road_name,width,surface_type,lanes,status,wkt,_sample
R-001,Sample Sector Road 1,6,asphalt,2,Working,"LINESTRING(72.61 23.19,72.615 23.191000000000003)",true
R-002,Sample Sector Road 2,6,asphalt,2,Working,"LINESTRING(72.618 23.19,72.62299999999999 23.191000000000003)",true
R-003,Sample Sector Road 3,6,asphalt,2,Working,"LINESTRING(72.626 23.19,72.631 23.191000000000003)",true
R-004,Sample Sector Road 4,6,asphalt,2,Working,"LINESTRING(72.634 23.19,72.639 23.191000000000003)",true
R-005,Sample Sector Road 5,6,asphalt,2,Working,"LINESTRING(72.642 23.19,72.64699999999999 23.191000000000003)",true
R-006,Sample Sector Road 6,6,asphalt,2,Working,"LINESTRING(72.65 23.19,72.655 23.191000000000003)",true
R-007,Sample Sector Road 7,6,asphalt,2,Working,"LINESTRING(72.658 23.19,72.663 23.191000000000003)",true
R-008,Sample Sector Road 8,6,asphalt,2,Working,"LINESTRING(72.666 23.19,72.67099999999999 23.191000000000003)",true
R-009,Sample Sector Road 9,6,asphalt,2,Working,"LINESTRING(72.61 23.196,72.615 23.197000000000003)",true
R-010,Sample Sector Road 10,6,asphalt,2,Working,"LINESTRING(72.618 23.196,72.62299999999999 23.197000000000003)",true
R-011,Sample Sector Road 11,6,asphalt,2,Working,"LINESTRING(72.626 23.196,72.631 23.197000000000003)",true
R-012,Sample Sector Road 12,6,asphalt,2,Working,"LINESTRING(72.634 23.196,72.639 23.197000000000003)",true
R-013,Sample Sector Road 13,6,asphalt,2,Working,"LINESTRING(72.642 23.196,72.64699999999999 23.197000000000003)",true
R-014,Sample Sector Road 14,6,asphalt,2,Working,"LINESTRING(72.65 23.196,72.655 23.197000000000003)",true
R-015,Sample Sector Road 15,6,asphalt,2,Working,"LINESTRING(72.658 23.196,72.663 23.197000000000003)",true
R-016,Sample Sector Road 16,6,asphalt,2,Working,"LINESTRING(72.666 23.196,72.67099999999999 23.197000000000003)",true
R-017,Sample Sector Road 17,6,asphalt,2,Working,"LINESTRING(72.61 23.202,72.615 23.203000000000003)",true
R-018,Sample Sector Road 18,6,asphalt,2,Working,"LINESTRING(72.618 23.202,72.62299999999999 23.203000000000003)",true
R-019,Sample Sector Road 19,6,asphalt,2,Working,"LINESTRING(72.626 23.202,72.631 23.203000000000003)",true
R-020,Sample Sector Road 20,6,asphalt,2,Working,"LINESTRING(72.634 23.202,72.639 23.203000000000003)",true
R-021,Sample Sector Road 21,6,asphalt,2,Working,"LINESTRING(72.642 23.202,72.64699999999999 23.203000000000003)",true
R-022,Sample Sector Road 22,6,asphalt,2,Working,"LINESTRING(72.65 23.202,72.655 23.203000000000003)",true
R-023,Sample Sector Road 23,6,asphalt,2,Working,"LINESTRING(72.658 23.202,72.663 23.203000000000003)",true
R-024,Sample Sector Road 24,6,asphalt,2,Working,"LINESTRING(72.666 23.202,72.67099999999999 23.203000000000003)",true
R-025,Sample Sector Road 25,6,asphalt,2,Working,"LINESTRING(72.61 23.208000000000002,72.615 23.209000000000003)",true
R-026,Sample Sector Road 26,6,asphalt,2,Working,"LINESTRING(72.618 23.208000000000002,72.62299999999999 23.209000000000003)",true
R-027,Sample Sector Road 27,6,asphalt,2,Working,"LINESTRING(72.626 23.208000000000002,72.631 23.209000000000003)",true
R-028,Sample Sector Road 28,6,asphalt,2,Working,"LINESTRING(72.634 23.208000000000002,72.639 23.209000000000003)",true
R-029,Sample Sector Road 29,6,asphalt,2,Working,"LINESTRING(72.642 23.208000000000002,72.64699999999999 23.209000000000003)",true
R-030,Sample Sector Road 30,6,asphalt,2,Working,"LINESTRING(72.65 23.208000000000002,72.655 23.209000000000003)",true
R-031,Sample Sector Road 31,6,asphalt,2,Working,"LINESTRING(72.658 23.208000000000002,72.663 23.209000000000003)",true
R-032,Sample Sector Road 32,6,asphalt,2,Working,"LINESTRING(72.666 23.208000000000002,72.67099999999999 23.209000000000003)",true
R-033,Sample Sector Road 33,6,asphalt,2,Working,"LINESTRING(72.61 23.214000000000002,72.615 23.215000000000003)",true
R-034,Sample Sector Road 34,6,asphalt,2,Working,"LINESTRING(72.618 23.214000000000002,72.62299999999999 23.215000000000003)",true
R-035,Sample Sector Road 35,6,asphalt,2,Working,"LINESTRING(72.626 23.214000000000002,72.631 23.215000000000003)",true
R-036,Sample Sector Road 36,6,asphalt,2,Working,"LINESTRING(72.634 23.214000000000002,72.639 23.215000000000003)",true
R-037,Sample Sector Road 37,6,asphalt,2,Working,"LINESTRING(72.642 23.214000000000002,72.64699999999999 23.215000000000003)",true
R-038,Sample Sector Road 38,6,asphalt,2,Working,"LINESTRING(72.65 23.214000000000002,72.655 23.215000000000003)",true
R-039,Sample Sector Road 39,6,asphalt,2,Working,"LINESTRING(72.658 23.214000000000002,72.663 23.215000000000003)",true
R-040,Sample Sector Road 40,6,asphalt,2,Working,"LINESTRING(72.666 23.214000000000002,72.67099999999999 23.215000000000003)",true
R-041,Sample Sector Road 41,6,asphalt,2,Working,"LINESTRING(72.61 23.220000000000002,72.615 23.221000000000004)",true
R-042,Sample Sector Road 42,6,asphalt,2,Working,"LINESTRING(72.618 23.220000000000002,72.62299999999999 23.221000000000004)",true
R-043,Sample Sector Road 43,6,asphalt,2,Working,"LINESTRING(72.626 23.220000000000002,72.631 23.221000000000004)",true
R-044,Sample Sector Road 44,6,asphalt,2,Working,"LINESTRING(72.634 23.220000000000002,72.639 23.221000000000004)",true
R-045,Sample Sector Road 45,6,asphalt,2,Working,"LINESTRING(72.642 23.220000000000002,72.64699999999999 23.221000000000004)",true
R-046,Sample Sector Road 46,6,asphalt,2,Working,"LINESTRING(72.65 23.220000000000002,72.655 23.221000000000004)",true
R-047,Sample Sector Road 47,6,asphalt,2,Working,"LINESTRING(72.658 23.220000000000002,72.663 23.221000000000004)",true
R-048,Sample Sector Road 48,6,asphalt,2,Working,"LINESTRING(72.666 23.220000000000002,72.67099999999999 23.221000000000004)",true
R-049,Sample Sector Road 49,6,asphalt,2,Working,"LINESTRING(72.61 23.226000000000003,72.615 23.227000000000004)",true
R-050,Sample Sector Road 50,6,asphalt,2,Working,"LINESTRING(72.618 23.226000000000003,72.62299999999999 23.227000000000004)",true
R-051,Sample Sector Road 51,6,asphalt,2,Working,"LINESTRING(72.626 23.226000000000003,72.631 23.227000000000004)",true
R-052,Sample Sector Road 52,6,asphalt,2,Working,"LINESTRING(72.634 23.226000000000003,72.639 23.227000000000004)",true
R-053,Sample Sector Road 53,6,asphalt,2,Working,"LINESTRING(72.642 23.226000000000003,72.64699999999999 23.227000000000004)",true
R-054,Sample Sector Road 54,6,asphalt,2,Working,"LINESTRING(72.65 23.226000000000003,72.655 23.227000000000004)",true
R-055,Sample Sector Road 55,6,asphalt,2,Working,"LINESTRING(72.658 23.226000000000003,72.663 23.227000000000004)",true
R-056,Sample Sector Road 56,6,asphalt,2,Working,"LINESTRING(72.666 23.226000000000003,72.67099999999999 23.227000000000004)",true
R-057,Sample Sector Road 57,6,asphalt,2,Working,"LINESTRING(72.61 23.232000000000003,72.615 23.233000000000004)",true
R-058,Sample Sector Road 58,6,asphalt,2,Working,"LINESTRING(72.618 23.232000000000003,72.62299999999999 23.233000000000004)",true
R-059,Sample Sector Road 59,6,asphalt,2,Working,"LINESTRING(72.626 23.232000000000003,72.631 23.233000000000004)",true
R-060,Sample Sector Road 60,6,asphalt,2,Working,"LINESTRING(72.634 23.232000000000003,72.639 23.233000000000004)",true
